SKU,Item Name,Category,Subcategory,Total Amount,Average Price,Total Quantity,Apr-2025,May-2025,Jun-2025
1,Nutella,Others,,943.4,85.76,11,0.0,9.0,2.0
147,Cheese Burst,Others,,1184.43,49.35,24,0.0,14.0,10.0
148,Double Cheese Burst,Others,,582.0,52.91,11,0.0,6.0,5.0
149,Regular Cheese,Others,,825.61,19.66,42,0.0,24.0,18.0
150,Fried Momos,Others,,483.21,9.12,53,0.0,36.0,17.0
151,Paprika Paneer Pizza,Pizza (8 inches),,597.0,298.5,2,0.0,1.0,1.0
151,Paprika Paneer Pizza,Pizza (8 inches) & Garlic Bread,,464.28,232.14,2,0.0,,2.0
152,Pesto Mediterranean Bliss Pizza,Pizza (8 inches),,238.07,238.07,1,0.0,1.0,
152,Pesto Mediterranean Bliss Pizza,Pizza (8 inches) & Garlic Bread,,250.28,250.28,1,0.0,,1.0
153,Exotic Veggie Pizza,Pizza (8 inches) & Garlic Bread,,706.67,353.34,2,0.0,,2.0
153,Exotic Veggie Pizza,Pizza (8 inches),,1096.67,365.56,3,0.0,2.0,1.0
154,The Margherita Pizza,Pizza (8 inches),,324.73,162.37,2,0.0,2.0,
154,The Margherita Pizza,Pizza (8 inches) & Garlic Bread,,517.4,172.47,3,0.0,,3.0
155,Margherita Basil Supreme Pizza,Pizza (8 inches),,201.35,201.35,1,0.0,1.0,
155,Margherita Basil Supreme Pizza,Pizza (8 inches) & Garlic Bread,,550.48,275.24,2,0.0,,2.0
157,Paneer Smokeshow Pizza,Pizza (8 inches),,741.53,185.38,4,0.0,4.0,
158,Biscoff Ferrero Cheese Cake,No-Remorse,,492.1,246.05,2,0.0,1.0,1.0
158,Biscoff Ferrero Cheese Cake,No - Remorse,,206.1,206.1,1,0.0,1.0,
159,Caramel Almond Cold Coffee,Cold Coffee,,1750.0,175.0,10,0.0,2.0,8.0
160,Nutella Almond Cold Coffee,Cold Coffee,,1560.0,195.0,8,0.0,3.0,5.0
161,Steam momo,Momo & Nachos,,462.73,9.44,49,0.0,27.0,22.0
162,Paneer Tikka Sandwich,Sandwich (3 Layer),,1619.42,147.22,11,0.0,,11.0
163,water bottle ,Water Bottle,,520.0,10.0,52,0.0,19.0,33.0
164,Brownie Shake,Shades Of Shakes,,154.0,154.0,1,0.0,,1.0
168,Cheese garlic Bread,Pizza (8 inches) & Garlic Bread,,340.0,170.0,2,0.0,,2.0
170,Penne Alfredo Pasta,Pasta & Burger ,,787.24,262.41,3,0.0,,3.0
171,Penne Mix-Sauce Pasta,Pasta & Burger ,,843.43,281.14,3,0.0,,3.0
172,Penne Arrabiata,Pasta & Burger ,,271.55,271.55,1,0.0,,1.0
173,Mac n Cheese,Pasta & Burger ,,510.0,255.0,2,0.0,,2.0
175,Mediterranean Spaghetti,Pasta & Burger ,,1042.96,347.65,3,0.0,,3.0
176,Creamy Pesto Pasta,Pasta & Burger ,,610.0,305.0,2,0.0,,2.0
178,CheeseNacho Burger,Pasta & Burger ,,245.0,245.0,1,0.0,,1.0
179,Cheese Loaded Burger,Pasta & Burger ,,119.4,119.4,1,0.0,,1.0
180,Peri Peri Burger,Pasta & Burger ,,261.62,130.81,2,0.0,,2.0
181,Hot Paneer Burger,Pasta & Burger ,,168.62,168.62,1,0.0,,1.0
184,Cottage Cheese Burritoes With Corn Salsa,Momo & Nachos,,280.0,280.0,1,0.0,,1.0
2,Maple Syrup,Others,,129.0,129.0,1,0.0,1.0,
28,Chocolate Pancakes (Half),No - Remorse,,195.0,195.0,1,1.0,,
3,Ice Cream,Others,,262.01,37.43,7,0.0,6.0,1.0
34,Berries n creme crepes,No - Remorse,,295.0,295.0,1,1.0,,
4,Berries,Others,,89.0,89.0,1,0.0,1.0,
5,Espresso Shot,Hot Coffee,,89.0,89.0,1,1.0,,
8,Jacobs Coffee,Hot Coffee,,135.0,135.0,1,1.0,,
9,Hot Americano,Hot Coffee,,109.0,109.0,1,1.0,,
NEW_1,Espresso Shot,Hot Coffee,,792.1,88.01,9,0.0,2.0,7.0
NEW_10,Hazelnut Cold Coffee,Cold Coffee,,21149.92,152.16,139,0.0,103.0,36.0
NEW_101,Chilli Garlic Paneer (Pan Fried),Healthy Choice,,2887.3,262.48,11,0.0,6.0,5.0
NEW_102,Peach Ice Tea,Zero Proof Cocktails,,4414.5,133.77,33,0.0,19.0,14.0
NEW_103,Lemon Ice Tea,Zero Proof Cocktails,,435.0,145.0,3,0.0,2.0,1.0
NEW_104,Pineapple Fresca Tail,Zero Proof Cocktails,,1550.0,155.0,10,0.0,6.0,4.0
NEW_105,Blue Mars,Zero Proof Cocktails,,3286.0,149.36,22,0.0,17.0,5.0
NEW_106,Granny Smith,Zero Proof Cocktails,,1524.42,152.44,10,0.0,7.0,3.0
NEW_107,Cosmopolitan,Zero Proof Cocktails,,3384.42,153.84,22,0.0,17.0,5.0
NEW_108,Blueberry Ginger Shrub,Zero Proof Cocktails,,484.27,161.42,3,0.0,,3.0
NEW_109,Fresh Mint Mojito,Zero Proof Cocktails,,4418.65,138.08,32,0.0,19.0,13.0
NEW_11,Caramel Cold Coffee,Cold Coffee,,6983.95,151.83,46,0.0,38.0,8.0
NEW_110,Rainbowchip Brownie,Freak-Shakes,,1593.0,227.57,7,0.0,7.0,
NEW_111,Cookie Monster,Freak-Shakes,,590.0,295.0,2,0.0,1.0,1.0
NEW_112,Biscoff Sweet Cream,Freak-Shakes,,617.5,308.75,2,0.0,2.0,
NEW_112,Biscoff Sweet Cream Shake,Freak-Shakes,,650.0,325.0,2,0.0,,2.0
NEW_115,Kitkat Shake,Shades Of Shakes,,7522.91,160.06,47,0.0,37.0,10.0
NEW_116,Ferrero Shake,Shades Of Shakes,,1785.0,198.33,9,0.0,7.0,2.0
NEW_117,Nutella Shake,Shades Of Shakes,,3505.23,175.26,20,0.0,17.0,3.0
NEW_118,Double Fusion Shake,Shades Of Shakes,,1287.0,183.86,7,0.0,6.0,1.0
NEW_119,Oreo Shake,Shades Of Shakes,,4930.59,123.26,40,0.0,29.0,11.0
NEW_12,Nutella Cold Coffee,Cold Coffee,,8653.2,166.41,52,0.0,39.0,13.0
NEW_120,Strawberry Shake,Shades Of Shakes,,790.0,131.67,6,0.0,6.0,
NEW_121,Blueberry Shake,Shades Of Shakes,,352.8,117.6,3,0.0,3.0,
NEW_122,Butterbeer(Non-Alcoholic),Shades Of Shakes,,1611.0,179.0,9,0.0,5.0,4.0
NEW_123,Dark Chocolate Shake,Shades Of Shakes,,2162.06,166.31,13,0.0,10.0,3.0
NEW_124,Cold Coco,Shades Of Shakes,,924.0,132.0,7,0.0,4.0,3.0
NEW_125,Mocha Cookie Crumble,Frappe's (350 ml),,1603.0,229.0,7,0.0,4.0,3.0
NEW_126,Caramel Choco Crunch,Frappe's (350 ml),,189.0,189.0,1,0.0,1.0,
NEW_127,Java Chip,Frappe's (350 ml),,915.4,183.08,5,0.0,4.0,1.0
NEW_128,Matcha Creme,Frappe's (350 ml),,249.0,249.0,1,0.0,1.0,
NEW_129,Double Choco Chip,Frappe's (350 ml),,716.4,179.1,4,0.0,3.0,1.0
NEW_13,Irish Cold Coffee,Cold Coffee,,6545.0,152.21,43,0.0,25.0,18.0
NEW_130,Brownie Frappe,Frappe's (350 ml),,498.0,249.0,2,0.0,2.0,
NEW_131,Kitkat Frappe,Frappe's (350 ml),,597.0,199.0,3,0.0,3.0,
NEW_132,Oreo Blueberry Frappe,Frappe's (350 ml),,318.4,159.2,2,0.0,2.0,
NEW_133,Water Bottle,Water Bottle,,5909.4,19.7,300,0.0,182.0,118.0
NEW_134,Penne Arrabbiata,Pasta,,5412.0,284.84,19,0.0,12.0,7.0
NEW_135,Creamy Pesto Pasta,Pasta,,5140.0,321.25,16,0.0,11.0,5.0
NEW_136,Penne Mix Sauce Pasta,Pasta,,8898.0,278.06,32,0.0,25.0,7.0
NEW_137,Spaghetti Rosemary,Pasta,,2851.82,316.87,9,0.0,7.0,2.0
NEW_138,Hot Chocolate Fondue,No - Remorse,,1140.0,285.0,4,0.0,3.0,1.0
NEW_139,Birthday Celebration (cake Cutting),Extra's,,600.0,200.0,3,0.0,3.0,
NEW_14,Biscoff Cold Coffee,Cold Coffee,,5265.0,195.0,27,0.0,11.0,16.0
NEW_140,Thumsup On The Rocks,Zero Proof Cocktails,,1409.91,108.45,13,0.0,9.0,4.0
NEW_15,Vietnamese Cold Coffee,Cold Coffee,,2634.0,292.67,9,0.0,5.0,4.0
NEW_16,Hot Chocolate,Non-Coffee,,826.7,137.78,6,0.0,2.0,4.0
NEW_17,Hazelnut Hot Chocolate,Non-Coffee,,596.0,149.0,4,0.0,4.0,
NEW_18,Caramel Hot Chocolate,Non-Coffee,,149.0,149.0,1,0.0,1.0,
NEW_19,Biscoff Hot Chocolate,Non-Coffee,,101.68,101.68,1,0.0,1.0,
NEW_2,Davidoff Coffee,Hot Coffee,,1125.0,125.0,9,0.0,6.0,3.0
NEW_20,Nutella Hot Chocolate,Non-Coffee,,865.0,173.0,5,0.0,5.0,
NEW_22,Hot Lemon Tea,Non-Coffee,,129.0,129.0,1,0.0,1.0,
NEW_23,Chocolate Pancakes,No - Remorse,,2249.0,224.9,10,0.0,6.0,4.0
NEW_24,Vanilla Pancakes,No - Remorse,,470.0,235.0,2,0.0,2.0,
NEW_25,Nutella Crepes,No - Remorse,,625.99,208.66,3,0.0,3.0,
NEW_26,Berries N Creme Crepes,No - Remorse,,1180.0,295.0,4,0.0,1.0,3.0
NEW_27,Affogato,No - Remorse,,435.0,145.0,3,0.0,2.0,1.0
NEW_28,Berry Affogato,No - Remorse,,189.0,189.0,1,0.0,1.0,
NEW_29,Ferrero Affogato,No - Remorse,,228.0,228.0,1,0.0,1.0,
NEW_3,Filter Coffee,Hot Coffee,,2076.31,83.05,25,0.0,17.0,8.0
NEW_30,Sizzling Brownie With Nutella,No - Remorse,,1112.0,278.0,4,0.0,3.0,1.0
NEW_31,Sizzling Brownie,No - Remorse,,1575.2,175.02,9,0.0,8.0,1.0
NEW_32,Choco Berry French Toast,No - Remorse,,2451.0,272.33,9,0.0,8.0,1.0
NEW_33,Penne Alfredo Pasta,Pasta,,29726.34,270.24,110,0.0,79.0,31.0
NEW_34,Mediterranean Spaghetti,Pasta,,7851.15,356.87,22,0.0,13.0,9.0
NEW_35,Mac & Cheese,Pasta,,7580.26,261.39,29,0.0,26.0,3.0
NEW_36,Cheese Corn Macaroni,Pasta,,2894.0,263.09,11,0.0,6.0,5.0
NEW_37,Garlic Bread,Hlaf's,,1740.0,145.0,12,0.0,8.0,4.0
NEW_38,Cheese Garlic Bread,Hlaf's,,5982.13,181.28,33,0.0,21.0,12.0
NEW_39,Stuff Garlic Bread,Hlaf's,,2304.36,209.49,11,0.0,7.0,4.0
NEW_40,Bruschetta,Hlaf's,,824.0,137.33,6,0.0,4.0,2.0
NEW_41,Broccoli Open Toast,Hlaf's,,232.0,116.0,2,0.0,2.0,
NEW_42,Smoky Paneer Toast,Hlaf's,,1069.5,152.79,7,0.0,3.0,4.0
NEW_43,Pesto/korean Cheese Bun,Hlaf's,,2420.0,220.0,11,0.0,11.0,
NEW_44,Avocado Toast,Hlaf's,,3664.0,333.09,11,0.0,7.0,4.0
NEW_45,Exotic Veggie Open Toast,Hlaf's,,1970.03,140.72,14,0.0,8.0,6.0
NEW_46,Veg Cheese Fondue,The Culture,,2600.0,325.0,8,0.0,7.0,1.0
NEW_47,Spicy Cottage Cheese Bao,The Culture,,1645.0,235.0,7,0.0,4.0,3.0
NEW_5,Hot Americano,Hot Coffee,,566.8,94.47,6,0.0,4.0,2.0
NEW_50,Veg Momo,Momo & Nachos,,4380.77,121.69,36,0.0,27.0,9.0
NEW_51,Peri Peri Momo,Momo & Nachos,,5168.0,143.56,36,0.0,20.0,16.0
NEW_52,4dips Momo,Momo & Nachos,,2168.02,154.86,14,0.0,10.0,4.0
NEW_53,Corn Cheese Momo,Momo & Nachos,,4023.0,149.0,27,0.0,17.0,10.0
NEW_54,Loaded Cheese Nachos,Momo & Nachos,,4750.0,250.0,19,0.0,16.0,3.0
NEW_55,Loaded Salsa Nachos,Momo & Nachos,,2680.0,191.43,14,0.0,11.0,3.0
NEW_56,Cheese Corn Nuggets,Momo & Nachos,,2229.51,148.63,15,0.0,7.0,8.0
NEW_57,Mozeralla Cheese Nachos,Momo & Nachos,,701.0,175.25,4,0.0,2.0,2.0
NEW_58,Veg Cheese Nachos,Momo & Nachos,,2406.4,171.89,14,0.0,8.0,6.0
NEW_59,Paneer Popcorn,Momo & Nachos,,1691.66,169.17,10,0.0,8.0,2.0
NEW_6,Cappuccino,Hot Coffee,,2565.0,135.0,19,0.0,11.0,8.0
NEW_60,Mexiwave Burger,Burger,,1824.05,165.82,11,0.0,9.0,2.0
NEW_61,Cheesenacho Burger,Burger,,1293.25,184.75,7,0.0,4.0,3.0
NEW_62,Peri-peri Burger,Burger,,2936.13,146.81,20,0.0,13.0,7.0
NEW_63,Hot Paneer Burger,Burger,,1555.0,172.78,9,0.0,8.0,1.0
NEW_64,Veg Cheese Burger,Burger,,2933.66,139.7,21,0.0,15.0,6.0
NEW_65,Cheese Loaded Burger,Burger,,720.0,180.0,4,0.0,3.0,1.0
NEW_66,Paprika Paneer (10 Inches) Pizza,Pizza,,6264.3,368.49,17,0.0,15.0,2.0
NEW_67,Pesto Mediterranean Bliss Pizza,Pizza,,3290.0,329.0,10,0.0,8.0,2.0
NEW_68,Exotic Veggie (10 Inches) Pizza,Pizza,,12675.45,469.46,27,0.0,15.0,12.0
NEW_69,The Margherita  Pizza,Pizza,,5974.0,284.48,21,0.0,12.0,9.0
NEW_7,Cafe Latte,Hot Coffee,,1485.0,135.0,11,0.0,5.0,6.0
NEW_70,Margherita Basil Supreme  Pizza,Pizza,,3015.0,335.0,9,0.0,7.0,2.0
NEW_71,Corn & Capsicum Pizza,Pizza,,2832.0,283.2,10,0.0,6.0,4.0
NEW_72,Paneer Smokeshow Pizza,Pizza,,9953.0,269.0,37,0.0,25.0,12.0
NEW_73,Fiery Fungi Pizza,Pizza,,1545.0,309.0,5,0.0,,5.0
NEW_74,Veggie Loaded Pizza (10 Inches) Pizza,Pizza,,55590.0,545.0,102,0.0,101.0,1.0
NEW_75,Paneer Makhni Pizza,Pizza,,2723.0,389.0,7,0.0,2.0,5.0
NEW_76,Peri Peri Sandwich,Sandwich (3 Layer),,12822.31,144.07,89,0.0,59.0,30.0
NEW_77,Veg Sandwich,Sandwich (3 Layer),,1107.0,123.0,9,0.0,5.0,4.0
NEW_78,Cheese Corn Sandwich,Sandwich (3 Layer),,4215.0,150.54,28,0.0,19.0,9.0
NEW_79,Paneer Tikka Sandwich,Sandwich (3 Layer),,2057.57,137.17,15,0.0,15.0,
NEW_8,Cafe Mocha,Hot Coffee,,1409.91,140.99,10,0.0,10.0,
NEW_80,Paneer Makhni Sandwich,Sandwich (3 Layer),,4064.63,150.54,27,0.0,21.0,6.0
NEW_81,Cheese Chutney Sandwich,Sandwich (3 Layer),,775.0,155.0,5,0.0,2.0,3.0
NEW_82,Bombay Masala,Sandwich (3 Layer),,5327.09,100.51,53,0.0,32.0,21.0
NEW_83,Pizza Sandwich,Sandwich (3 Layer),,2128.68,177.39,12,0.0,10.0,2.0
NEW_84,Veg Cheese Sandwich,Sandwich (3 Layer),,3127.11,148.91,21,0.0,13.0,8.0
NEW_85,Basket Sandwich,Sandwich (3 Layer),,12485.14,231.21,54,0.0,39.0,15.0
NEW_86,French Fries,Fries & Maggi,,6503.2,104.89,62,0.0,36.0,26.0
NEW_87,Peri Peri Fries,Fries & Maggi,,21421.77,139.1,154,0.0,108.0,46.0
NEW_88,Cheese Fries,Fries & Maggi,,3783.0,171.95,22,0.0,21.0,1.0
NEW_88,Cheesy Fries,Fries & Maggi,,1295.0,185.0,7,0.0,,7.0
NEW_9,Cold Coffee,Cold Coffee,,25998.64,142.07,183,0.0,113.0,70.0
NEW_90,Chilli Garlic Maggi (Normal),Fries & Maggi,,639.06,159.77,4,0.0,3.0,1.0
NEW_91,Chilli Garlic Maggi (Spicy),Fries & Maggi,,2132.97,142.2,15,0.0,7.0,8.0
NEW_92,Veg Maggi,Fries & Maggi,,1401.47,116.79,12,0.0,8.0,4.0
NEW_93,C3 Maggi,Fries & Maggi,,278.0,139.0,2,0.0,1.0,1.0
NEW_94,Veg Cheese Maggi,Fries & Maggi,,435.0,145.0,3,0.0,2.0,1.0
NEW_95,Plain Maggi,Fries & Maggi,,912.0,101.33,9,0.0,5.0,4.0
NEW_96,Masala Fries,Fries & Maggi,,250.68,125.34,2,0.0,2.0,
NEW_97,Plain Cheese Maggi,Fries & Maggi,,679.95,113.33,6,0.0,5.0,1.0
NEW_98,Paneer Chilli Garlic Wrap,Healthy Choice,,160.0,160.0,1,0.0,1.0,
NEW_99,Cottage Cheese Burritoes With Corn Salsa,Healthy Choice,,887.0,221.75,4,0.0,4.0,
