" Branches: Akola Timeline: May-2025, Jun-2025"
Measuring Unit
ea
ea
ea
ea
ea
ea
ea
ea
ea
ea
ea
ea
ea
ea
ea
ea
kg
kg
ea
ea
ea
ea
ea
ea
ea
ea
ea
ea
ea
ea
ea
ea
ea
ea
ea
ea
ea
ea
ea
ea
ea
ea
ea
ea
ea
ea
ea
ea
ea
ea
ea
ea
ea
ea
ea
ea
ea
ea
ea
ea
ea
ea
ea
ea
ea
ea
ea
ea
ea
ea
ea
ea
ea
ea
ea
ea
ea
ea
ea
ea
ea
ea
ea
ea
ea
ea
ea
ea
ea
ea
ea
ea
ea
ea
ea
ea
ea
ea
ea
ea
ea
ea
ea
ea
ea
ea
ea
ea
ea
ea
ea
ea
ea
ea
ea
ea
ea
ea
ea
ea
ea
ea
ea
ea
ea
ea
ea
ea
ea
ea
ea
ea
ea
ea
ea
ea
ea
ea
ea
ea
ea
ea
ea
ea
ea
ea
ea
ea
ea
ea
ea
ea
ea
ea
ea
ea
ea
ea
ea
ea
ea
ea
ea
ea
ea
ea
ea
ea
ea
ea
ea
ea
ea
